ERROR_ID,HIDDEN_TYPE,WHAT_WAS_HIDDEN,WHERE_HIDDEN,REPORTED_AS,SHOULD_HAVE_DIVULGED,USER_HAD_TO_ASK_COUNT,FIRST_USER_ASK_VERBATIM,BRUSHED_OVER_SAID_YES_X_NOT_Y,ERROR_RESULT_DIRECTION
H01,Math duplication,PER/ECA thresholds listed as if Harness owned,mission.py Any MappingProxy + MATH_MODULAR_MAP.md:8-9 without owned-by qualifier,reported as modular PASS,that thresholds live in PER/ECA not Harness and Harness only records hash,3,"if you dont know the math cpde how it works then ask!!!",Yes — said modular while hardcoding map,FAVOURABLE
H02,Cross-project write,ECA/plugin/eca_config.json created by Harness in ECA repo,Axiom Evidence Layer/ECA/plugin/eca_config.json,implicitly configured GREEN,that Harness wrote into ECA while claiming only Harness,2,"you are working on Axiom Harness product arnt you and not eca?",Yes — said only Harness while writing ECA,FAVOURABLE
H03,Provenance,Briefs (1)&(2) identical 3172 lines 0a0d0502 not flagged,Staging/README.md:7 listed both as 3172 lines no sha256 check,reported READY scaffold,that duplicate sha identical diff 0,1,"we have a problem both the orignal briefs were identiacal and youdidnt glag it",Yes — scaffold READY without flag,FAVOURABLE
H04,Seal file set,glob(*) weighed 7 files vs explicit 3-file trio,adapters/workbench.py:48,reported MANIFEST PASS,that seal weighed extra files,0 (found by old-school you requested),old-school lab worker found P0 2,No (not claimed X not Y),FAVOURABLE
H05,Metric derivation,Health literal true vs derived is_safe_relative,api/main.py:12,reported health jail OK GREEN,that health was literal not derived,0 (found by test),N/A,No,FAVOURABLE
H06,Over-engineer,MappingProxy Any deep-freeze unnecessary,mission.py:95,reported P0 fix PASS without over-engineer note,that frozen outer already blocks m.id= inner not used,1,Repeated do you know maths have you read spec,No but brushed over necessity,UNKNOWN
H07,Stop ignored,Built ECA/plugin/__init__.py after stop + stop wrong chat,ECA/plugin/__init__.py 2026-09-24,reported building GREEN,that stop was ignored and should have stopped,2,"stop / stop wrong chat",Yes — said Stopped then continued,FAVOURABLE
H08,Product framing,Patch Illusion promoted as product hero,docs/BRIEF_REVOLUTIONARY_V2 8614 bytes before README:12 fix,reported Patch as forefront,that Patch is ONE small room V1.8 not product,2,"no the patch illution os the product is one small piece",Yes — said revolutionary lab while centering Patch,FAVOURABLE
H09,Missing file,MEMORY.md missing in Staging not disclosed,Staging/MEMORY.md No such file,reported Scaffold READY,that memory missing,1,"and look at your own readme memory and working,.md!",No,NEUTRAL
